{"train": {"loss": [0.693125291600566, 0.6448946026459537], "accuracy": [50.208, 61.484]}, "validate": {"loss": [0.6913719355144794, 0.5731419268816766], "accuracy": [50.016, 71.976]}}